{
  "integrations": [
    {
      "id": "73463b54-c194-47f5-bd23-55d390e98bc5",
      "name": "CA Agile Central - Change State",
      "action": "RUN_SCRIPT",
      "type": "OUTBOUND_WEBHOOK",
      "triggeredBy": "RESPONSE",
      "deployed": true,
      "form": "10c8beef-7e8a-4f4f-ad26-f42ac562076c",
      "script": "/******************************************************************************\n * Outbound integrations\n *\n * Outbound integrations are triggered when an xMatters system action occurs,\n * such as when an event status changes, a notification is delivered, or a\n * recipient responds to a message. These system actions are called 'triggers'.\n *\n * Outbound integrations can perform tasks such as initiating a follow-up xMatters\n * event when the status of an event changes or updating another system in your\n * toolchain when a user responds to a notification.\n *\n * xMatters passes information about the trigger to the outbound integration\n * as a JSON object in the body of the built-in request object. Your outbound\n * integration can process this data and use it in the script. (To include form\n * properties in the request data, select 'Include in Outbound Integrations'\n * from the property's settings on the form layout.)\n *\n * The following sample code shows how to work with scripts in the Integration\n * Builder. You can use it as a template and then customize it to work with your\n * integration.\n ******************************************************************************/\n\n/**\n * Parse the payload data\n *\n * This code shows how to extract the payload from the built-in request object.\n * The specific fields that are included in the payload depends on the type of\n * trigger and how many form properties are included.\n */\n\n\n\n\nvar payload = JSON.parse(request.body);\n\nif (payload.eventProperties && Array.isArray(payload.eventProperties)) {\n    var eventProperties = payload.eventProperties;\n    payload.eventProperties = {};\n\n    for (var i = 0; i < eventProperties.length; i++) {\n        var eventProperty = eventProperties[i];\n        var key = Object.keys(eventProperty)[0];\n        payload.eventProperties[key] = eventProperty[key];\n    }\n}\n\n\nconsole.log ('postback_url = ' + payload.eventProperties.postback_url);\nconsole.log('response = ' + payload.response);\n\nswitch (payload.response) {\ncase 'Set To Open':\nSetToOpen();\nbreak;\n}\n\n\nfunction SetToOpen(){\n\nvar newnotes = payload.eventProperties.notes + '<br>' + payload.date + ' - Moved to Open by user ' + payload.recipient + ' via ' + payload.device + ' with comment - ' + payload.annotation;\n\nvar trigger = JSON.stringify({\n\"Defect\":\n    {      \n        \"State\": \"Open\",\n        \"Notes\": newnotes\n    }\n});\nconsole.log( 'Response payload: ' + JSON.stringify( trigger ) );\nvar req = http.request({\nmethod: 'POST',\nendpoint: 'CAAgile',\npath: payload.eventProperties.postback_url,\nheaders: {\n'Content-Type': 'application/json',\n'Cookie': 'ZSESSIONID=_G0HXXXXXQ9yLnbnLP8sp9XXXXXTsEiOtWFDXXXXXX'\n}\n});\nreq.write(trigger);\n}\n",
      "environment": "HOSTED"
    },
    {
      "id": "ae0a0670-d9ad-417a-9406-4af0c1978c47",
      "name": "CA Agile Insight - Rally",
      "action": "RUN_SCRIPT",
      "type": "INBOUND_WEBHOOK",
      "deployed": true,
      "script": "/******************************************************************************\n * Inbound integrations - run a script\n *\n * Using an inbound integration to run a script enables you to access the full\n * functionality of the xMatters REST API with simple HTTP call.\n *\n * Each inbound integration is authenticated independently, which allows you to\n * run the script without storing the login credentials of your xMatters account\n * in an external system.\n *\n * Scripts can use the xMatters REST API to manage users, groups, and events,\n * see who is on call, or perform any other system actions available in the xMatters\n * REST API (see https://help.xmatters.com/xmAPI). Scripts can also interact with other\n * systems in your toolchain by calling endpoints over HTTP.\n *\n * When you choose the Run a script action in the Integration Builder, the script\n * is not associated with a specific form and the built-in form object is not available.\n *\n * The following sample code shows how to parse the payload from the inbound integration\n * request, extract a ticket number, and then use the xMatters REST API to find and\n * terminate matching events. You can use it as a template and then customize it to work\n * with your integration.\n */\n\n/**\n * Parse incoming data\n *\n * Typically, data is passed into an inbound integration as XML or JSON in the request\n * body, but you can represent the data in another format or include it as a query\n * parameter appended to the URL.\n *\n * The script's built-in request object enables you to access elements of the\n * request, including the payload contained in the request body and any URL\n * parameters. The following code snippets show how to retrieve these values.\n * Choose the option that matches how your system includes data in the request to\n * the inbound integration URL.\n */\n\nvar payload = JSON.parse(request.body);  //Use this if the payload is a JSON object in the request body\n\n\n\nvar object_type = payload.message.object_type;\nvar user = payload.message.transaction.user.username;\nvar title = payload.message.state['500a0d67-9c48-4145-920c-821033e4a832'].value;  //Called Name in the json\nvar colour = payload.message.state['b0778de0-a927-11e2-9e96-0800200c9a66'].value;  //Called Display Color in the json\nvar description = payload.message.state['b5bae981-bfe6-4980-844a-b5ecf3e9a156'].value;\nvar object_id = payload.message.state['2910ca71-9779-4e7b-8fcf-d718c919aff8'].value;\nvar notes = payload.message.state['abb5af67-e70a-4a98-ad21-26f71bf4fe83'].value;\nvar project = payload.message.state['ae8ecc9f-b9a0-42a4-a6e3-c83d7f8a7070'].value.name;\nvar formatted_id = payload.message.state['55c5512a-1518-4944-8597-3eb91875e8d1'].value;\nvar state = payload.message.state['e0caf6dd-304b-447e-9d61-09ac9c96e85a'].value.value;\nvar postback_url = '/slm/webservice/v2.0/defect/' + object_id;\nvar link_url = 'https://rally1.rallydev.com/slm/#/detail/defect/' + object_id;\nvar blocked = payload.message.state['24aa2a9e-8b98-4028-a999-ea6ae4d47150'].value;\nvar blocked_reason = payload.message.state['3c358996-adbd-48bc-bd6e-22e1338c8d57'].value;\n\n\n\n\nconsole.log('object_type = ' + object_type);\nconsole.log('user = ' + user);\nconsole.log('title = ' + title);\nconsole.log('colour = ' + colour);\nconsole.log('description = ' + description);\nconsole.log('object_id = ' + object_id);\nconsole.log('notes = ' + notes);\nconsole.log('project = ' + project);\nconsole.log('formatted_id = ' + formatted_id);\nconsole.log('state = ' + state);\nconsole.log('postback_url = ' + postback_url);\nconsole.log('link_url = ' + link_url);\nconsole.log('blocked = ' + blocked);\nconsole.log('blocked_reason = ' + blocked_reason);\n\n\n\n\nvar trigger = JSON.stringify({\n\"properties\": {\n\"object_type\": object_type,\n\"user\": user,\n\"title\": title,\n\"colour\": colour,\n\"description\": description,\n\"object_id\": object_id,\n\"notes\": notes,\n\"project\": project,\n\"formatted_id\": formatted_id,\n\"state\": state,\n\"postback_url\": postback_url,\n\"link_url\": link_url,\n\"blocked\": blocked,\n\"blocked_reason\": blocked_reason,\n},\n});\nconsole.log( 'Response payload: ' + JSON.stringify( trigger ) );\nvar req = http.request({\nmethod: 'POST',\nendpoint: 'xMatters',\npath: '/reapi/2015-04-01/forms/bf43c0e8-7999-4db4-89f2-49116c9e5845/triggers',\nheaders: {\n'Content-Type': 'application/json'\n}\n});\nreq.write(trigger);\n\n\n\n",
      "environment": "HOSTED"
    }
  ],
  "endpoints": [
    {
      "name": "CAAgile",
      "baseUrl": "https://rally1.rallydev.com",
      "type": "EXTERNAL",
      "authentication": "NO_AUTH"
    }
  ],
  "constants": []
}